id;created_at;updated_at;info;team_name;team_display_name
1;No entry;No entry;This user does not have a team;No team;No team
8870;2020-07-09 10:20:54.82821 +0000 UTC;2020-07-09 14:01:22.772675 +0000 UTC;"The Elite Community:  Becoming the very best.

We believe that marketing, a strong community, training and gamification is the perfect mix for content creators to become the very best they can be. That‚Äôs what the academy is all about, trying to become better every single day.

[Website](https://www.eliteteam.tv) | [Discord](https://discord.com/invite/jefpHQn) | [Twitter](https://twitter.com/EliteTeamTV) |  [Youtube](https://www.youtube.com/channel/UCeqJY5cJnREKg4T82G94Wnw?sub_confirmation=1) | [Instagram](https://www.instagram.com/eliteteam.tv/) | [Facebook](https://www.facebook.com/Elite-112986767087179/)";eliteacademy;Elite Academy
961;2014-01-30 18:20:01.032125 +0000 UTC;2020-05-27 23:52:24.821796 +0000 UTC;;dzc;SecretSyndicate
6613;2019-04-03 13:25:36.197224 +0000 UTC;2019-04-04 18:11:51.714477 +0000 UTC;"We are here to meet new people and possible friends!
We Like a Well-Behaved Atmosphere!
We Are Creative!
We Try to Improve Ourselves!
We Think!
We Love Games!
We Are a Unit!
We Are Different!
We Have Various Content!";cosmiccats;Cosmic Cats
5514;2018-08-15 21:53:05.662535 +0000 UTC;2019-10-19 21:08:51.098942 +0000 UTC;Sacramento Esports;stingeresports;Rise n Grind
5494;2018-08-10 18:18:40.762884 +0000 UTC;2020-12-29 07:03:39.199599 +0000 UTC;"Grupo creado para todos los Streamers de Chile.
Si quieres unirte rellena el siguiente formulario: [https://goo.gl/forms/qpB08hTBd78cf8FF2](https://goo.gl/forms/qpB08hTBd78cf8FF2)
Discord Oficial [https://discord.gg/6fT4CgU](https://discord.gg/6fT4CgU)
Dudas y consultas: [https://www.twitch.tv/pancho](https://www.twitch.tv/pancho)
[https://www.instagram.com/canaldepancho](https://www.instagram.com/canaldepancho)";streamerschile;Streamers Chile
10714;2021-02-04 11:16:46.718021 +0000 UTC;2021-02-07 12:33:50.258399 +0000 UTC;Hitless Adept is a division of team [Hitless](https://www.twitch.tv/team/hitless) for active runners who have continued to push the boundaries in an exceptional or unique way. We want the team to be a place for the public to find active Hitless runners streaming their content. Before thinking about applying, consider if you have exemplified these traits, for example: Actively streaming hitless content, multiple games/runs done hitless, all bosses runs of a single game, off meta any% runs.) The website for team Hitless can be found here. [https://www.teamhitless.com/](https://www.teamhitless.com/);hitlessadept;Hitless Adept
749;2013-07-30 16:51:11.188474 +0000 UTC;2016-09-05 16:07:37.831832 +0000 UTC;"**DO≈ÅƒÑCZ DO NAS!**

Do≈ÇƒÖcz do Polskiej Spo≈Çeczno≈õci Twitch! Dziƒôki wsp√≥lnej grupie nasi widzowie ju≈º nigdy nie bƒôdƒÖ siƒô nudziƒá :)

**WYMAGANIA:**

- **regularne** stremowanie w jƒôzyku **polskim**

**- minimum ¬†![image](http://www.twitch.tv/images/xarth/g/g18_eye-00000080.png)¬†5000 wy≈õwietle≈Ñ kana≈Çu**

- i tyle:p

Zg≈Çoszenie do grupy mo≈ºna wysy≈Çaƒá jako wiadomo≈õƒá za po≈õrednictwem [TEGO MAILA](mailto:ps@soushibo.pl)¬†. Mail sprawdzany jest oko≈Ço raz na miesiƒÖc!";polskiestrumyki;Polskie Strumyki
145;2012-01-06 08:16:10.069459 +0000 UTC;2014-09-18 22:28:51.561283 +0000 UTC;Check out [SpeedRunsLive.com!](http://speedrunslive.com);srl;SpeedRunsLive
431;2012-10-11 19:23:27.641647 +0000 UTC;2021-01-31 08:31:42.631021 +0000 UTC;"We are the #1 Team in Speedrunning!

Follow us on Twitter: twitter.com/speedrun_world";ludendi;Team Ludendi
1302;2014-07-10 06:00:02.659042 +0000 UTC;2017-12-05 19:12:48.745469 +0000 UTC;"A group of gamers who enjoy playing games seriously and casually. Some of us speed run as well. All that matters is that you have fun! :p Will update this later. Make sure you follow everyone and enjoy the streams.

Logo + Banner made by Caitrinian of twitch. Thanks for the help!";nbg;NaturalBornGamers
1772;2015-01-21 22:28:13.725073 +0000 UTC;2016-04-28 23:16:24.114476 +0000 UTC;Team GameChanger includes all of the amazing streamers who have supported our previous live-stream events!;gamechanger;Team GameChanger
1429;2014-08-25 00:47:26.515709 +0000 UTC;2014-10-08 07:42:30.18541 +0000 UTC;We are Mega Man X Series Speedrunners :3;maverickhamburgerhunters;Maverick Hamburger Hunters
270;2012-04-27 00:36:25.667349 +0000 UTC;2019-06-25 13:52:06.093122 +0000 UTC;"Lzuruha is the only community and team who pulls e-Sports and Speed running together unlike other communities out there. We&amp;#39;re all gamers in the end and enjoy all types of games. We provide a forum, services, news coverage and whatever else the community needs. Visit us at: [http://www.mylzh.net/](http://www.mylzh.net/)";mylzh;LzHTV
980;2014-02-07 22:44:13.617171 +0000 UTC;2015-01-26 01:41:27.822867 +0000 UTC;;wobblers;The Wobblers
180;2012-02-09 23:10:15.299257 +0000 UTC;2014-06-09 20:13:55.770924 +0000 UTC;"Speed Demos Archive (SDA) is the premier community for video game speedruns (completing games as quickly as possible through extensive planning, practice, and knowledge of game mechanics/glitches).  Check out our library of over 1000 speedruns, forum, and knowledge base at [http://speeddemosarchive.com](http://speeddemosarchive.com)  

Also check out SDA&#39;s live stream listing (which allows multiple streams to be played on the same page) at [http://www.w00ty.com/sda/stream](http://www.w00ty.com/sda/stream).";sda;Speed Demos Archive
3619;2017-01-11 16:02:49.680364 +0000 UTC;2020-08-25 16:21:15.762415 +0000 UTC;"Perfection is not attainable, but if we chase perfection we can catch excellence

TEAM REQUIREMENTS
Complete a Soulsborne 0 Hit Run (No Attacks or Staggers from any Enemy) No Glitches or Out of Bounds. Environmental Damage from Falling, Poison, Frenzy, etc is exempted.

To submit a run make sure to post the link in the Run Submissions section of the Hitless discord. [https://discord.gg/4E7cSK7](https://discord.gg/4E7cSK7)";hitless;Hitless
9605;2020-10-12 12:25:56.742176 +0000 UTC;2020-10-13 01:33:07.317765 +0000 UTC;One True King.;otk;OTK
4684;2017-12-19 12:43:22.574064 +0000 UTC;2018-11-13 01:47:48.273198 +0000 UTC;;clique;ClassiCrew
7347;2019-09-30 22:34:40.490917 +0000 UTC;2020-11-24 07:39:55.517551 +0000 UTC;"Streams _made in Austria_ verschwinden auch heute noch in der schieren Masse deutschsprachiger Streamer. Dies ist zwar in Hinsicht der als DACH-Raum organisierten Twitch-Plattform nicht weiter schlimm, dieser Umstand verhindert oder zumindest erschwert allerdings die Grundlage auf die unsere Community aufbaut: das Vernetzen und Kn√ºpfen von Kontakten mit Gleichgesinnten aus der eigenen Umgebung.

Aus diesem Grund wurde Austrian Entertainment gegr√ºndet. Das Ziel ist es, eine Plattform anzubieten, um es √∂sterreichischen StreamerInnen leichter zu erm√∂glichen miteinander in Kontakt zu treten und sich gegenseitig kennenzulernen. Twitch ist leider immer wieder von starkem Konkurrenzdenken gepr√§gt, wogegen wir uns mit dem Motto ‚ÄûGemeinsam mehr erreichen ‚Äú strikt entgegenstellen.

Unsere Community richtet sich an s√§mtliche StreamerInnen aus √ñsterreich: egal ob man eben erst begonnen hat zu streamen oder schon ‚Äûein alter Hase‚Äú ist, bei uns sind alle willkommen. Durch diese bunte Mischung, Experten in verschiedenen fachspezifischen Bereichen und den zahlreichen, unterschiedlichen Ausrichtungen unserer StreamerInnen eignet sich Austrian Entertainment hervorragend, um Feedback und Kritik sowie Anregungen, Ideen und Hilfestellungen zu erhalten, aber auch anzubieten.

Die Community arbeitet jedoch nicht nur nach innen und untereinander, sondern auch an der Sichtbarkeit und Positionierung nach au√üen wird gearbeitet, wovon nicht nur die Community selbst, sondern insbesondere die einzelnen Mitglieder profitieren sollen. Zudem engagiert sich Austrian Entertainment f√ºr karitative Zwecke, indem sogenannte ‚ÄûCharity Events‚Äú (mit-)organisiert werden. Austrian Entertainment soll jedoch keineswegs die pers√∂nlichen Communities der Mitglieder ersetzen, sondern den eigenen Bekannten- und Freundeskreis erweitern und im hobby- oder auch professionellem Sinne, die eigene Community erg√§nzen.

Wenn wir dein Interesse f√ºr die Community wecken konnten, dann melde dich bei uns! Wir sind stets auf der Suche neuen kreativen K√∂pfen, die auf Twitch zu unterhalten wissen.Mehr Informationen findet ihr unter: [www.austrianentertainment.net](https://www.austrianentertainment.net)";austrianentertainment;Austrian Entertainment
641;2013-03-18 14:38:35.770497 +0000 UTC;2014-04-10 17:37:43.075926 +0000 UTC;;freaks4ugaming;Freaks 4U Gaming
1613;2014-11-09 03:14:19.585261 +0000 UTC;2021-04-24 15:41:11.421651 +0000 UTC;"You can expect Dark Souls, Dark Souls II, Dark Souls III, Demon‚Äôs Souls and Bloodborne speedruns from the people in here.

www.speedsouls.com";speedsouls;SpeedSouls
9034;2020-07-29 13:11:53.497217 +0000 UTC;2020-10-24 20:37:02.794484 +0000 UTC;"The Widers are a community of streamers whose main goal is to support each other. Through the successes, the failures, the challenge runs and the blind playthroughs, it‚Äôs all about uplifting and encouraging each other and sharing these experiences.

As a Wider, the main goal is to have an inclusive, welcoming community that‚Äôs shared with other Widers - we‚Äôre all just a big family!

Discord: [https://discord.gg/gkSDWBv](https://discord.gg/gkSDWBv)
Twitter: [https://twitter.com/WidersTeam](https://twitter.com/WidersTeam)
Email: TeamWidersOfficial@yahoo.com";widers;Widers
9130;2020-08-11 03:13:26.397707 +0000 UTC;2020-08-11 04:41:34.399331 +0000 UTC;;fiaun;Fiaun
9903;2020-11-03 13:59:48.404167 +0000 UTC;2021-01-11 02:24:52.897114 +0000 UTC;"Storytellers is a team of friendly, interactive, inclusive streamers who have a story to tell.

We have a discord for members, look to undertake and support charity events and help other members of the team succeed in their dreams.

The only question left to ask yourself is, What‚Äôs your story?

Find out more and Follow the team Twitter here: [https://www.twitter.com/Storytellers_T](https://www.twitter.com/Storytellers_T)";storytellers;Storytellers
5694;2018-10-04 21:18:19.114458 +0000 UTC;2021-05-13 00:21:21.290368 +0000 UTC;"A maior comunidade de streamers de lingua portuguesa! Criamos tecnologia para reunir, viabilizar e fomentar comunidades que impactam milh√µes de vidas por dia.

Para entrar para o time basta atingir o n√≠vel SH Mestre. [Cadastre-se aqui](https://streamholics.live)";streamholics;Streamholics ‚≠ê
10691;2021-02-01 20:17:57.57087 +0000 UTC;2021-03-01 11:44:06.51311 +0000 UTC;"Valor, inova√ß√£o, qualidade, comprometimento, trabalho em equipe.
Essas s√£o apenas algumas das muitas palavras que poderiam ser usadas para descrever a equipe Sinergia. Nossa miss√£o √© crescer como criadores de conte√∫do, sendo profissionais, servindo de exemplo e inspira√ß√£o para outros e principalmente trazendo muita felicidade, motiva√ß√£o e for√ßa a quem nos assiste!";sinergia;Sinergia Twitch Streamers
9053;2020-07-30 04:28:51.222903 +0000 UTC;2021-05-12 13:42:54.799197 +0000 UTC;"‚úñ Energy To Create
‚úñ Sugar-free, natural colours and flavours
‚úñ Worldwide shipping üá¨üáß Next day üá∫üá∏ 3-5 days
www.sneakenergy.com
@sneakenergy

Currently not accepting sponsorship requests, more information here: [https://sneakenergy.com/pages/sponsorship](https://sneakenergy.com/pages/sponsorship)";sneak;Sneak
5657;2018-10-01 10:50:22.204503 +0000 UTC;2019-03-20 18:56:08.985163 +0000 UTC;"Team Qu√©bec est un regroupement qu√©b√©cois pour les partenaires, les affili√©s et les d√©butants afin de favoriser le r√©f√©rencement.

Pour rejoindre la team: [https://discord.gg/NV3nmbS](https://discord.gg/NV3nmbS)

Pour toute question contactez MadameZoum sur [Twitch](https://www.twitch.tv/madamezoum), [Facebook](https://www.facebook.com/MadameZoum/) ou [Twitter](https://twitter.com/MadameZoum)";teamqc;Team Quebec
5899;2018-11-16 17:53:23.547345 +0000 UTC;2020-04-26 02:27:07.281025 +0000 UTC;;infectious;Infectious
5334;2018-06-25 14:25:35.818453 +0000 UTC;2018-06-25 16:45:14.258731 +0000 UTC;Black Lion Trading Company is a group of streamers/content creators who enjoy playing Guild Wars 2.;bltc;Black Lion Trading Company
1059;2014-03-19 18:32:23.772814 +0000 UTC;2017-03-20 01:40:15.136266 +0000 UTC;Coming Soon...;lfg;Looking For Group
327;2012-06-19 19:03:13.669401 +0000 UTC;2016-11-01 18:48:37.845356 +0000 UTC;"This is the Team Page for all of MMORPG.com&#39;s Streamers.";mmoftw;MMOFTW
1466;2014-09-08 22:06:06.828158 +0000 UTC;2014-09-11 01:59:00.725939 +0000 UTC;;ajsa;AJSA Gaming
6073;2018-12-19 11:34:44.001287 +0000 UTC;2019-06-25 13:21:17.525795 +0000 UTC;Almost Epic is a challenge run team geared around all manner of challenge runs. No hit, speed runs, BANANA CONTROLLERS?! If you consider yourself a challenge runner, please contact Grollm for details on how to join!;pandapandagaming;Almost Epic
5689;2018-10-04 14:23:11.971428 +0000 UTC;2020-03-15 16:51:51.962043 +0000 UTC;"Coronavirus has hugely affected the live work of many in the comedy and gaming industries. I‚Äôve offered this team up to my friends in those industries so that people who want to seek us out have a single hub to search through.

If you‚Äôre an established UK comedian/gamer/presenter and would like to be involved, tweet @stevemcneil";thestreamcreamdreamteam;UK Comedians and Gamers
10918;2021-02-26 14:24:29.235195 +0000 UTC;2021-02-27 02:52:32.169629 +0000 UTC;LumiLive comes from the words Luminous and Live. Just like its name, LumiLive vtubers want to be the light of joy and entertainment for everyone. With the fans‚Äô support, LumiLive idols can shine brighter than ever before.;lumilivetv;LumiLiveTV
8739;2020-06-26 17:41:18.933288 +0000 UTC;2021-04-10 04:09:14.890004 +0000 UTC;"* * *

Sugar Crush is a [stream team](https://help.twitch.tv/s/article/twitch-teams?language=en_US) dedicated to a positive and passionate community. We accept streamers of all kinds, whether your focus is on games, art or educational content. Please join the Sugar Crush [Discord](https://discord.gg/tEYtq5cdwz) to apply.";sugarcrush;üßÅ Sugar Crush üßÅ
7991;2020-03-11 23:50:14.320507 +0000 UTC;2020-03-17 15:53:47.077375 +0000 UTC;;fast;Fast
7004;2019-07-01 16:27:29.53773 +0000 UTC;2019-12-20 21:51:39.503314 +0000 UTC;;teamsynergy;Synergy
2694;2016-02-08 13:02:30.354298 +0000 UTC;2016-12-25 21:17:40.49273 +0000 UTC;;primal;Primal
10166;2020-12-01 21:30:57.407041 +0000 UTC;2021-03-03 19:39:12.761455 +0000 UTC;Warriors of Light is a team of passionate streamers interested in supporting and connecting with each other. We are an inclusive community with a goal of adding a little light to the world. Applications are OPEN! Apply here: [https://bit.ly/2VzCtcx](https://bit.ly/2VzCtcx);warriorsoflight;Warriors of Light
6086;2018-12-27 14:15:35.482961 +0000 UTC;2021-04-26 13:15:33.991336 +0000 UTC;"Seeking out Gamers and Streamers who are opened to social gaming.

[Application form](https://docs.google.com/forms/d/e/1FAIpQLScjwsiQEdlzPsgbfZudYjmJM6JkEddTQ6lyMVP0pLp0X_C0jw/viewform)

For a faster response on the application show in my livestream and ask directly for an invitation. Thank you
[Spoc‚Äôs Channel](https://Twitch.tv/spoc)

Spoc Nation Scheduled Livestream
Mon-Fri 8:30pm EST to 12:00am EST
Tue-Fri 1:00pm EST to 5:00pm EST";spoc_elite;SocialGamers
4048;2017-05-12 20:33:02.122476 +0000 UTC;2020-04-13 18:46:46.706986 +0000 UTC;"We love food, we&amp;#39;re usually multilingual, and we 100% support diversity.

Welcome to the home for all Malaysian streamers on Twitch!

* * *

To apply to join - Join our [Discord!](https://discord.gg/UrT257q) and drop your username in the #Malaysian-Twitch-Team channel.

* * *

Please note that a violation of Terms of Service will result in an instant removal from the team.";malaysia;Malaysian Streamers
3437;2016-10-31 19:53:27.445475 +0000 UTC;2018-09-17 11:41:49.97233 +0000 UTC;"Australian Professional ESports Organisation. Currently competing in CS:GO and Rocket League.
| www.athletico.com.au |
twitter.com/AthleticoES |
facebook.com/athleticoES/ |";athletico;Athletico
3397;2016-10-19 00:46:01.879334 +0000 UTC;2020-12-03 18:17:16.147329 +0000 UTC;;pandaglobal;Panda Global
4856;2018-02-15 18:38:37.002944 +0000 UTC;2021-04-26 13:15:13.69836 +0000 UTC;"*   Stream Team Applications Opened -

[Application form](https://docs.google.com/forms/d/e/1FAIpQLScjwsiQEdlzPsgbfZudYjmJM6JkEddTQ6lyMVP0pLp0X_C0jw/viewform)

For a faster response : Make sure to attend my livestream and ask directly by tagging me on chat. Thank you
[Spoc‚Äôs Channel](https://Twitch.tv/spoc)

Spoc Nation Scheduled Livestream
Mon-Fri 8:30pm EST
Tue-Fri 1:00pm EST";spoc;Spoc Nation
8109;2020-04-01 11:27:08.709174 +0000 UTC;2021-03-18 17:27:43.702667 +0000 UTC;;teamkopazar;Kopazar
4596;2017-11-09 23:40:37.543996 +0000 UTC;2020-10-09 17:44:49.945075 +0000 UTC;"Lurkforce is a community of lurk-friendly streamers. On Twitch and other livestreaming platforms, lurking is the action of passively viewing a live stream without engaging the streamer. Since September 4, 2017, we have supported social networking and channel development to help advance our members. Lurkforce is supplemental to the streamer‚Äôs content and does not participate in ‚Äúlurk 4 lurk,‚Äù mass lurking, nor third party tools to inflate viewership.

### **[Connect to the Discord Server for a Twitch Team Invite](https://discord.gg/lurkforce)**

After joining the Discord server, read #information for details.

**Twitch Team Rules &amp; Guidelines (Updated 8/11/2020)**

*   Members are required to join the [Discord Server](https://discord.gg/lurkforce) in order to be informed of recent changes, engage with other members, &amp; contact staff members. Being interactive on the Discord server increases your visibility to other members. Inactivity of 1 year and leaving the Discord server may result in being removed from the Twitch team.
*   Members must have at least 20 live streams per year to remain on the Twitch team.
*   The following content is not allowed on the Twitch team: AFK streams lasting for an excessive amount of time, digital music streams, host raffle streams,  the promoting of fake engagements, &amp; statistic streams.
*   Respect the rules and moderators of each streamer‚Äôs channel. Lurkforce discourages members from promoting on channels that do not permit it. Each streamer is unique, so members are expected to respect the rules of the channel. As a streamer, set rule(s) to state if promotions are allowed or not.
*   Follow Twitch‚Äôs [Terms of Service](https://www.twitch.tv/p/legal/terms-of-service/), [DMCA Guidelines](https://www.twitch.tv/p/legal/dmca-guidelines/), and [Community Guidelines](https://www.twitch.tv/p/legal/community-guidelines/) when conducting streams.
*   The !Lurk command is common in our members‚Äô channels. Members may opt in to create a chat bot command that is triggered when a community member says ‚Äú!lurk‚Äù in chat to acknowledge lurkers.

**Additional Information**
+ Twitter: [https://twitter.com/lurkforcetv](https://twitter.com/lurkforcetv)
+ Business Inquiries: lurkforce@gmail.com";lurkforce;Lurkforce Community
8075;2020-03-26 14:30:57.09264 +0000 UTC;2020-04-07 06:10:02.118352 +0000 UTC;;plus1;Plus 1 Media
7784;2020-01-27 10:51:19.046732 +0000 UTC;2020-05-19 08:33:17.253007 +0000 UTC;;turopium;Turopium
7542;2019-11-19 00:56:15.468557 +0000 UTC;2019-11-19 09:30:13.024065 +0000 UTC;A simple Twitch Team, lead by Completed it Mate‚Äôs James Buckley. A group of streamers supporting each other with the goal to help grow individual  channels together;completeditmate;Completed It Mate
10891;2021-02-24 01:34:35.013337 +0000 UTC;2021-02-24 01:45:46.933186 +0000 UTC;[https://www.facebook.com/RBZTV](https://www.facebook.com/RBZTV);jak;JAK
957;2014-01-28 03:27:21.421674 +0000 UTC;2017-05-23 17:01:29.923501 +0000 UTC;Check out BlockbyBlock.tv;creepercrew;Creeper Crew
1035;2014-03-10 21:30:12.852328 +0000 UTC;2015-07-19 23:14:58.080425 +0000 UTC;"Fundada com o objetivo de crescer o mercado brasileiro de livestreams, a EGL.Network √© 
uma ag√™ncia de streamers, empenhada no desenvolvimento e capta√ß√£o de recursos para 
produtores de conte√∫do online. Estamos no mercado desde junho de 2013 e contamos com uma 
vasta sele√ß√£o de streamers de variados estilos. 
Parcerias, an√∫ncios, campanhas, patroc√≠nios? Entre em contato atrav√©s de nosso site: 

+   [Site EGL Network](http://www.egl.network)

+   [Facebook EGL Network](https://www.facebook.com/EglNetwork)

+   [Quer ser um Parceiro?! Clique Aqui!](http://egl.network/main/parceria)";eglnetwork;EGL Network
243;2012-04-10 18:00:15.189105 +0000 UTC;2015-04-16 15:04:26.034816 +0000 UTC;"Here you will find all of Towelliee&#39;s favorite Live Streamers.  Girls, liquor, FPS, MMO, MOBA, you name it.";ths;The Hammer Squad
1500;2014-09-21 01:42:48.754077 +0000 UTC;2016-07-01 22:56:40.668595 +0000 UTC;Good streamers in Shattered Skies. Legit traders and such are all gathered here.;bmg;In The Skies
814;2013-09-27 22:44:54.882067 +0000 UTC;2013-10-02 16:21:22.068786 +0000 UTC;"A team of great Streamers who are all online or real life bro&#39;s! Join the brotherhood! Check out these awesome streamers!";teambro;Team Bro
935;2014-01-13 23:21:03.17292 +0000 UTC;2021-05-03 23:25:19.285784 +0000 UTC;;zbloyalarmy;EASTSIDE BALLA GANG
5651;2018-09-28 16:35:04.870569 +0000 UTC;2018-12-03 17:07:44.725853 +0000 UTC;Discord server: [https://discord.gg/spZFpEN](https://discord.gg/spZFpEN);theclique;The Clique
586;2013-02-08 02:13:04.843426 +0000 UTC;2017-02-03 21:34:02.674303 +0000 UTC;"**TwitchTV&#39;s Official Counter-Strike: Global Offensive Stream Team  
_Featuring the world&#39;s best professional CS:GO players!_**

**PROFESSIONAL PLAYERS - NORTH AMERICA**

![us-lgflag.gif](https://www.cia.gov/library/publications/the-world-factbook/graphics/flags/large/us-lgflag.gif) Eric &#34;adreN&#34; Hoag  
![us-lgflag.gif](https://www.cia.gov/library/publications/the-world-factbook/graphics/flags/large/us-lgflag.gif) Tyler &#34;Skadoodle&#34; Latham  
![us-lgflag.gif](https://www.cia.gov/library/publications/the-world-factbook/graphics/flags/large/us-lgflag.gif) Spencer &#34;hiko&#34; Martin  
![us-lgflag.gif](https://www.cia.gov/library/publications/the-world-factbook/graphics/flags/large/us-lgflag.gif) Jordan &#34;n0thing&#34; Gilbert  
![us-lgflag.gif](https://www.cia.gov/library/publications/the-world-factbook/graphics/flags/large/us-lgflag.gif) Sal &#34;Volcano&#34; Garozzo   
![ca-lgflag.gif](https://www.cia.gov/library/publications/the-world-factbook/graphics/flags/large/ca-lgflag.gif) Mitch&#34;DUM0RE^&#34; Green   
![us-lgflag.gif](https://www.cia.gov/library/publications/the-world-factbook/graphics/flags/large/us-lgflag.gif) Carey &#34;frozt&#34; Kertenian   
![ca-lgflag.gif](https://www.cia.gov/library/publications/the-world-factbook/graphics/flags/large/ca-lgflag.gif) Stephanie &#34;missharvey&#34; Harvey  
![us-lgflag.gif](https://www.cia.gov/library/publications/the-world-factbook/graphics/flags/large/us-lgflag.gif) Moe &#34;moE&#34; Assad   
![us-lgflag.gif](https://www.cia.gov/library/publications/the-world-factbook/graphics/flags/large/us-lgflag.gif) Yazan &#34;clowN&#34; Ammari   
![us-lgflag.gif](https://www.cia.gov/library/publications/the-world-factbook/graphics/flags/large/us-lgflag.gif) Jeff &#34;emong&#34; Anderson  
![us-lgflag.gif](https://www.cia.gov/library/publications/the-world-factbook/graphics/flags/large/us-lgflag.gif) Danny &#34;fRoD&#34; Montaner  
![us-lgflag.gif](https://www.cia.gov/library/publications/the-world-factbook/graphics/flags/large/us-lgflag.gif) Peter &#34;ptr^&#34; Gurney  
![us-lgflag.gif](https://www.cia.gov/library/publications/the-world-factbook/graphics/flags/large/us-lgflag.gif) Shahzeb &#34;Shahzam&#34; Khan   
![us-lgflag.gif](https://www.cia.gov/library/publications/the-world-factbook/graphics/flags/large/us-lgflag.gif) Ryan &#34;fREAKAZOiD&#34; Abadir   
![us-lgflag.gif](https://www.cia.gov/library/publications/the-world-factbook/graphics/flags/large/us-lgflag.gif) Richard &#34;Lucky&#34; Vasconcelos   
![ca-lgflag.gif](https://www.cia.gov/library/publications/the-world-factbook/graphics/flags/large/ca-lgflag.gif) Josh &#34;steel&#34; Nissan  
![us-lgflag.gif](https://www.cia.gov/library/publications/the-world-factbook/graphics/flags/large/us-lgflag.gif) Ronnie &#34;ryx&#34; Bylicki  
![us-lgflag.gif](https://www.cia.gov/library/publications/the-world-factbook/graphics/flags/large/ca-lgflag.gif) David &#34;Xp3&#34; Garrido  
![us-lgflag.gif](https://www.cia.gov/library/publications/the-world-factbook/graphics/flags/large/us-lgflag.gif) Tyler &#34;Storm&#34; Wood  
![us-lgflag.gif](https://www.cia.gov/library/publications/the-world-factbook/graphics/flags/large/us-lgflag.gif) Sam &#34;DaZeD&#34; Marine  
![us-lgflag.gif](https://www.cia.gov/library/publications/the-world-factbook/graphics/flags/large/us-lgflag.gif) Peter &#34;stanislaw&#34; Stanislaw  
![us-lgflag.gif](https://www.cia.gov/library/publications/the-world-factbook/graphics/flags/large/us-lgflag.gif) Danny &#34;roca&#34; Roca  
![us-lgflag.gif](https://www.cia.gov/library/publications/the-world-factbook/graphics/flags/large/us-lgflag.gif) Pauly &#34;pauLy&#34; Guerboyan  
![us-lgflag.gif](https://www.cia.gov/library/publications/the-world-factbook/graphics/flags/large/ca-lgflag.gif) Philippe-Olivier &#34;PEX&#34; Crepin  
![us-lgflag.gif](https://www.cia.gov/library/publications/the-world-factbook/graphics/flags/large/us-lgflag.gif) Vinny &#34;planks&#34; Mazzarella  
![us-lgflag.gif](https://www.cia.gov/library/publications/the-world-factbook/graphics/flags/large/us-lgflag.gif) Damian &#34;daps&#34; Steele  
![us-lgflag.gif](https://www.cia.gov/library/publications/the-world-factbook/graphics/flags/large/us-lgflag.gif) Josh &#34;jdm64&#34; Marzano  
![us-lgflag.gif](https://www.cia.gov/library/publications/the-world-factbook/graphics/flags/large/ca-lgflag.gif) Keven &#34;AZK&#34; Larivi√®re  
![us-lgflag.gif](https://www.cia.gov/library/publications/the-world-factbook/graphics/flags/large/us-lgflag.gif) Preston &#34;juv3nile&#34; Dornon  
![us-lgflag.gif](https://www.cia.gov/library/publications/the-world-factbook/graphics/flags/large/us-lgflag.gif) Alex &#34;LeX&#34; Deily  
![us-lgflag.gif](https://www.cia.gov/library/publications/the-world-factbook/graphics/flags/large/us-lgflag.gif) Skyler &#34;Relyks&#34; W.  
![us-lgflag.gif](https://www.cia.gov/library/publications/the-world-factbook/graphics/flags/large/us-lgflag.gif) Nick &#34;nitr0&#34; Cannella  
![us-lgflag.gif](https://www.cia.gov/library/publications/the-world-factbook/graphics/flags/large/us-lgflag.gif) Kyle&#34; flowsicK&#34; Mendez  
![us-lgflag.gif](https://www.cia.gov/library/publications/the-world-factbook/graphics/flags/large/us-lgflag.gif) Moe &#34;mOE&#34; Assad  
![us-lgflag.gif](https://www.cia.gov/library/publications/the-world-factbook/graphics/flags/large/us-lgflag.gif) Arya &#34;arya&#34;  
![us-lgflag.gif](https://www.cia.gov/library/publications/the-world-factbook/graphics/flags/large/ca-lgflag.gif) DAVEY  
![us-lgflag.gif](https://www.cia.gov/library/publications/the-world-factbook/graphics/flags/large/us-lgflag.gif) Tarik &#34;tarik&#34;  

**PROFESSIONAL PLAYERS - EUROPE**

![sw-lgflag.gif](https://www.cia.gov/library/publications/the-world-factbook/graphics/flags/large/sw-lgflag.gif) Christopher &#34;GeT_RiGhT&#34; Alesund  
![sw-lgflag.gif](https://www.cia.gov/library/publications/the-world-factbook/graphics/flags/large/sw-lgflag.gif) Robin &#34;Fifflaren&#34; Johansson   
![sw-lgflag.gif](https://www.cia.gov/library/publications/the-world-factbook/graphics/flags/large/sw-lgflag.gif) Adam &#34;friberg&#34; Friberg   
![sw-lgflag.gif](https://www.cia.gov/library/publications/the-world-factbook/graphics/flags/large/sw-lgflag.gif) Patrik &#34;f0rest&#34; Lindberg   
![sw-lgflag.gif](https://www.cia.gov/library/publications/the-world-factbook/graphics/flags/large/sw-lgflag.gif) Richard &#34;Xizt&#34; Landstrom   
![sw-lgflag.gif](https://www.cia.gov/library/publications/the-world-factbook/graphics/flags/large/sw-lgflag.gif) Emil &#34;HeatoN&#34; Christensen   
![be-lgflag.gif](https://www.cia.gov/library/publications/the-world-factbook/graphics/flags/large/be-lgflag.gif) Adil &#34;ScreaM&#34; Ben-Rlitom   
![fr-lgflag.gif](https://www.cia.gov/library/publications/the-world-factbook/graphics/flags/large/fr-lgflag.gif) Lo√Øc &#39;RegnaM&#39; P√©ron   
![fi-lgflag.gif](https://www.cia.gov/library/publications/the-world-factbook/graphics/flags/large/fi-lgflag.gif) Joona &#34;natu&#34; Leppanen  
![up-lgflag.gif](https://www.cia.gov/library/publications/the-world-factbook/graphics/flags/large/up-lgflag.gif) Dauren &#34;AdreN&#34; Kystaubayev   
![up-lgflag.gif](https://www.cia.gov/library/publications/the-world-factbook/graphics/flags/large/up-lgflag.gif) Yegor &#34;markeloff&#34; Markelov   
![up-lgflag.gif](https://www.cia.gov/library/publications/the-world-factbook/graphics/flags/large/up-lgflag.gif) Ioann &#34;Edward&#34; Sukhariev   
![up-lgflag.gif](https://www.cia.gov/library/publications/the-world-factbook/graphics/flags/large/up-lgflag.gif) Arsenij &#34;ceh9&#34; Trynozhenko   
![up-lgflag.gif](https://www.cia.gov/library/publications/the-world-factbook/graphics/flags/large/up-lgflag.gif) Seregy &#34;Starix&#34; Ischuk   
![up-lgflag.gif](https://www.cia.gov/library/publications/the-world-factbook/graphics/flags/large/up-lgflag.gif) Daniil &#34;Zeus&#34; Teslenko   
![pl-lgflag.gif](https://www.cia.gov/library/publications/the-world-factbook/graphics/flags/large/pl-lgflag.gif) Filip &#34;neo&#34; Kubski  
![sw-lgflag.gif](https://www.cia.gov/library/publications/the-world-factbook/graphics/flags/large/sw-lgflag.gif) Patrik &#34;zajp&#34; Knutsen  
![da-lgflag.gif](https://www.cia.gov/library/publications/the-world-factbook/graphics/flags/large/da-lgflag.gif) Michael &#34;Friis&#34; J√∏rgensen  
![uk-lgflag.gif](https://www.cia.gov/library/publications/the-world-factbook/graphics/flags/large/uk-lgflag.gif) Sam &#34;Rattlesnk&#34; Gawn  
![uk-lgflag.gif](https://www.cia.gov/library/publications/the-world-factbook/graphics/flags/large/uk-lgflag.gif) &#34;RE1EASE&#34;  
![sw-lgflag.gif](https://www.cia.gov/library/publications/the-world-factbook/graphics/flags/large/sw-lgflag.gif) Jerry &#34;xelos&#34; Raberg  
![po-lgflag.gif](https://www.cia.gov/library/publications/the-world-factbook/graphics/flags/large/po-lgflag.gif) Ricardo &#34;foxiRiS_CN543&#34; Pacheco  
![da-lgflag.gif](https://www.cia.gov/library/publications/the-world-factbook/graphics/flags/large/da-lgflag.gif) Casper &#34;ruggah&#34; Due   
![uk-lgflag.gif](https://www.cia.gov/library/publications/the-world-factbook/graphics/flags/large/uk-lgflag.gif) &#34;msk&#34;   
![uk-lgflag.gif](https://www.cia.gov/library/publications/the-world-factbook/graphics/flags/large/uk-lgflag.gif) Henry &#34;HenryG&#34; Greer  
![da-lgflag.gif](https://www.cia.gov/library/publications/the-world-factbook/graphics/flags/large/da-lgflag.gif) Mathias &#34;MSL&#34; Lauridsen  
![sw-lgflag.gif](https://www.cia.gov/library/publications/the-world-factbook/graphics/flags/large/sw-lgflag.gif) Marcus &#34;Delpan&#34; Larsson  
![po-lgflag.gif](https://www.cia.gov/library/publications/the-world-factbook/graphics/flags/large/po-lgflag.gif) F√°bio &#34;n3w&#34; Teixeira  
![gr-lgflag.gif](https://www.cia.gov/library/publications/the-world-factbook/graphics/flags/large/gr-lgflag.gif) Fabian &#34;V3n0m&#34; Doellert  
![gm-lgflag.gif](https://www.cia.gov/library/publications/the-world-factbook/graphics/flags/large/gm-lgflag.gif) Lena &#34;shushu&#34; Babic   
![gm-lgflag.gif](https://www.cia.gov/library/publications/the-world-factbook/graphics/flags/large/gm-lgflag.gif) Azmican &#34;asmo&#34; Berberoglu  
![gm-lgflag.gif](https://www.cia.gov/library/publications/the-world-factbook/graphics/flags/large/gm-lgflag.gif) Andr√© &#34;Kirby&#34; Kempa   

**PROFESSIONAL PLAYERS - SOUTH AMERICA**

**PROFESSIONAL PLAYERS - ASIA**

**PROFESSIONAL PLAYERS - AUSTRALIA**

![gm-lgflag.gif](https://www.cia.gov/library/publications/the-world-factbook/graphics/flags/large/as-lgflag.gif) Jamies &#39;james&#39; Quinn   

**CS:GO PRO COMMUNITY STREAM TEAM MEMBERS**";csgopros;CS:GO Professional Player Streams
5130;2018-05-01 19:24:12.599508 +0000 UTC;2020-08-04 18:41:06.762253 +0000 UTC;;bluemicrophones;Blue Microphones Crew
5326;2018-06-22 11:31:42.773604 +0000 UTC;2021-04-20 21:28:02.385411 +0000 UTC;Grab some G FUEL and dolphin dive into a multitude of viewing options from our community! Here we‚Äôre featuring awesome human beings who happen to be the most amazing content creators you‚Äôll ever come across! Good vibes, great energy, and even greater people, that‚Äôs what the #GSQUAD is all about!;gfuel;G FUEL: The Official Energy Drink of Esports¬Æ
6580;2019-03-29 15:45:02.772847 +0000 UTC;2019-03-29 18:56:53.544038 +0000 UTC;;changgang;Chang Gang
9168;2020-08-13 16:45:49.890517 +0000 UTC;2020-08-13 18:39:32.11067 +0000 UTC;;gigakoksy;giga koksy
10008;2020-11-15 20:15:47.271219 +0000 UTC;2020-11-22 01:43:41.027285 +0000 UTC;"Free Pasta No Spices is a team created for the sole purpose to bring more exposure to the genuinely nice and amazing streamers not only in the GTA RP community, but the twitch community as a whole. Those who put a smile on others faces, who bring joy to peoples lives even if they only have 1 viewer.

That‚Äôs who we‚Äôve invited to this team. Incredible entertainers that promote a cozy place to relax, laughter and positivity, in a world that needs it right now.";freepastanospices;Free Pasta No Spices
4904;2018-03-02 02:48:39.890493 +0000 UTC;2021-05-07 12:16:03.847013 +0000 UTC;‚ÄúMade in Thailand‚Äù also known as ‚ÄúMiTH‚Äù is an E-Sports team. MiTH is founded and operated by www.FPSThailand.com . MiTH foundation is dedicated into making players from Thailand to be known as world class E-sport teams, this is our objective.;mith;MiTH
1886;2015-03-04 00:11:42.658241 +0000 UTC;2016-02-09 23:55:58.398247 +0000 UTC;;n3rdfusion;N3RDFUSION
2717;2016-02-18 14:11:11.36651 +0000 UTC;2017-09-30 18:47:50.058892 +0000 UTC;;thehousehold;The Household
719;2013-07-01 22:57:42.551774 +0000 UTC;2014-04-07 18:35:03.917199 +0000 UTC;"Here is where you will find channels belonging to The Bean Bandits! You&#39;re encouraged to check out, say hi, and follow anyone you see online!

This group was reorganised some time ago. Since that time, invites to members have been sent out, not requested as they previously were. Any requests to join will unfortunately be dismissed. This group is an exclusive privilege to outstanding members of Lirik&#39;s community and invites will be sent to those who are deemed as such. Thank you for reading.";thebeanbandits;The Bean Bandits
2874;2016-03-29 01:46:41.273035 +0000 UTC;2016-04-03 16:07:34.421881 +0000 UTC;;thefellowship;The Fellowship
2853;2016-03-22 03:33:01.369079 +0000 UTC;2018-09-17 17:02:19.159176 +0000 UTC;"www.rustNchill.com
Rust group for all the homies!

www.youtube.com/thechillfamily - To join team tweet @balrogchill";rustnchill;rustNchill.com
8387;2020-05-15 01:08:34.047825 +0000 UTC;2021-03-31 18:12:24.292047 +0000 UTC;"9z team es una organizaci√≥n de primer nivel fundada el 3 de agosto de 2018 por Francisco ‚ÄúFrankkaster‚Äù Postiglione, uno de los creadores de contenido mas reconocidos en nuestra regi√≥n. En poco tiempo hemos creado uno de los mejores ambientes para los jugadores el cual se deriva de la amplia experiencia del fundador y del personal que compone la organizaci√≥n.

Conocemos ampliamente los deseos de los jugadores y la competencia en la escena. Nuestro equipo de trabajo cubre mas de 10 a√±os de experiencia en los esports y sumando el crecimiento del mismo podemos afirmar que tenemos la mejor combinaci√≥n del nicho.

Nuestro objetivo final es ayudar a impulsar a los esports al siguiente nivel, la organizaci√≥n ya es lider, por los logros de nuestros equipos junto con la producci√≥n de contenido de alta calidad. Confiamos plenamente en nuestra constante evoluci√≥n.";9zteam;9z Team
3040;2016-05-25 10:36:44.830677 +0000 UTC;2017-02-02 08:33:42.167079 +0000 UTC;"√âquipe Twitch du fail et du nawak fond√©e par Alexclick qui regroupe des amis tous aussi cons les uns que les autres.

Faire de la merde et le faire bien !";failacademy;Fail Academy
9433;2020-09-17 22:56:38.689659 +0000 UTC;2021-04-17 01:35:33.125556 +0000 UTC;"The brazilian esports organization FURIA

Performance, content and lifestyle

Follow the steps.";furia;FURIA
2262;2015-07-30 05:49:44.714246 +0000 UTC;2015-09-14 06:36:29.778164 +0000 UTC;;mixtape;The Mixtape
4266;2017-07-07 21:25:21.951479 +0000 UTC;2019-06-28 15:04:39.526525 +0000 UTC;"** Welcome to Stream Arizona!**
We are the largest community of streamers, game developers, cosplayers, and fans located in Arizona!

With over 600 streamers, we are the best place for you to network and grow your stream in you are based in Arizona. We also have amazing meetups every other month that are a ton of fun!

** Join Our Community!**

[Join our stream team!](http://streamarizona.com/stream-team/twitch-stream-team-application)

[Join our staff!](http://streamarizona.com/contact-us)

##Check Out Our Social Media!

*   [Twitter](http://www.twitter.com/Stream_AZ)
*   [Facebook Like Page](https://www.facebook.com/ArizonaStream)
*   [Facebook Group Page](https://www.facebook.com/groups/StreamArizona/)
*   [Discord](https://discord.gg/rdKT7m3)
*   [YouTube](https://www.youtube.com/channel/UCbyOvG-_gLTt1xaGmQErtkg)
*   [Instagram](https://www.instagram.com/stream_az/)
*   [Steam Group](http://steamcommunity.com/groups/stream_az)
*   [Website](http://www.streamarizona.com)";stream_az;Stream AZ
1964;2015-03-29 21:25:33.058667 +0000 UTC;2017-12-06 19:15:02.268007 +0000 UTC;"**WRECKnation** is [tripleWRECK](http://www.twitch.tv/triplewreck)&#39;s gaming community.";wrecknation;WRECKnation
3006;2016-05-11 03:18:21.526676 +0000 UTC;2018-03-27 21:59:37.334302 +0000 UTC;;cookiejar;Monsters Inc.
8558;2020-06-03 18:32:32.637123 +0000 UTC;2020-06-05 14:37:37.865367 +0000 UTC;;spainrp;SpainRP
991;2014-02-15 00:08:46.88509 +0000 UTC;2015-07-14 16:34:54.696225 +0000 UTC;Thanks for visiting the SteelSeries Twitch page! We highlight some of our sponsored player‚Äôs and team‚Äôs streams along with the occasional live broadcast from one of our employees.;steelseries;Team SteelSeries
2722;2016-02-19 16:33:05.795185 +0000 UTC;2016-02-19 17:34:38.499103 +0000 UTC;;whenyourbaeisfam;when your bae is fam
2835;2016-03-15 23:01:09.011139 +0000 UTC;2016-03-15 23:01:09.011139 +0000 UTC;;thenerdherd;The Nerd Herd
716;2013-06-27 22:57:11.421359 +0000 UTC;2017-08-16 19:29:28.268773 +0000 UTC;"ComingSoon is a volunteer run community with a mission to bring friends closer together and give our favorite streamers more exposure! A form of discovery, Some of us are nomads on Twitch and don&#39;t stick to a single stream but that doesn&#39;t mean we can&#39;t help to bring everyone together today. We are not affiliated with Twitch.tv in any official capacity, all trademarks and images are property of their respective owners.";tr;ComingSoon
8029;2020-03-18 17:18:07.644114 +0000 UTC;2020-10-27 15:01:54.628912 +0000 UTC;S√≠guenos en todas nuestras redes sociales: @TeamHeretics;teamheretics;Heretics
4809;2018-01-31 22:42:36.727892 +0000 UTC;2020-04-13 21:27:29.402139 +0000 UTC;;coscuarmy;Coscu Army
9392;2020-09-14 18:43:28.673607 +0000 UTC;2021-01-11 20:30:41.61417 +0000 UTC;"**TeamXR, EightbornV vesilesi ile tanƒ±≈ümƒ±≈ü birka√ß yakƒ±n arkada≈üƒ±n kurmu≈ü olduƒüu yayƒ±ncƒ±/oyuncu topluluƒüudur.**

**Sohbet etmek, rol hakkƒ±nda sohbet ve spoiler, oyun arkada≈üƒ± bulmak, etkinlikler, √ßekili≈üler ve ilerde a≈üƒ±rƒ± s√ºrpriz yayƒ±n contentleri i√ßin topluluƒüumuzun discord adresine buradan ula≈üabilirsiniz.** **[TeamXR Discord](https://discord.gg/5eE6nC2JrX)**";teamxr;teamXR
10197;2020-12-04 17:01:29.315228 +0000 UTC;2020-12-05 11:32:58.387846 +0000 UTC;;elements;Elements
9397;2020-09-14 20:44:34.156181 +0000 UTC;2020-09-18 05:21:51.205655 +0000 UTC;"Streamando, um cantinho gostoso produzido por streamers apaixonados por livestream feito para streamers de todos os tamanhos.

Trazemos conte√∫dos informativos, tutoriais, dicas, not√≠cias e muito mais!

üíúFa√ßa parte da nossa fam√≠lia [clicando aqui](http://bit.ly/discords2) ‚ú®";streamando;Streamando
8924;2020-07-15 23:37:53.080706 +0000 UTC;2020-08-24 11:39:10.34153 +0000 UTC;;goatnation;Goat Nation
6417;2019-02-20 16:00:17.324969 +0000 UTC;2020-09-18 02:16:31.953573 +0000 UTC;We are a community of LGBTQIA2+ Twitch streamers dedicated to inclusivity in gaming and beyond.;rainbowarcade;Rainbow Arcade 
8031;2020-03-18 23:44:11.846148 +0000 UTC;2021-02-24 16:44:39.512631 +0000 UTC;"REGIMENT is a military oriented community intent on providing a place for those who have served and continue to serve to find more online battle buddies. Cut from the same cloth, we will ensure that no one is left to feel alone, deserted, or weak. Regiment also helps support causes that ring close to our hearts through charities and events. We have your six.

Stay Connected With Regiment:
[https://linktr.ee/RegimentGG](https://linktr.ee/RegimentGG) (Regiment‚Äôs Socials)

The only requirement to join is that you have served or are currently serving in the U.S Armed Forces.

REGIMENT Application: [https://regiment.gg/pages/apply-to-join](https://regiment.gg/pages/apply-to-join)";regimentgg;REGIMENT
6429;2019-02-22 12:26:32.011999 +0000 UTC;2019-02-27 02:18:16.614708 +0000 UTC;;thegrizzlynation;The Grizzly Nation
4720;2018-01-04 19:27:58.972157 +0000 UTC;2018-01-18 23:15:28.391547 +0000 UTC;"Binx is a gaming-streaming community with over 50 Thousand active content creators &amp; gamers. 

This community developed by streamers for streamers is dedicated to connecting Content creators, Viewers and Sponsors with each other.";binxtv;Binx TV
10125;2020-11-24 22:28:31.58087 +0000 UTC;2021-01-17 21:49:56.488333 +0000 UTC;;madluh;#Madluh
11273;2021-04-07 18:47:05.408913 +0000 UTC;2021-04-27 19:41:37.790696 +0000 UTC;"Sail away to a collective of ACNH streamers, new &amp; established, commited to building strong, positive communities  ‚ù§  We hope you‚Äôll find someone that suits your personality and vibe as we all continue to grow together!

**We encourage our streammates to join other Stream Teams as well as our own.**
If you are a streamer and interested in joining, please message FireflySkies.

Many members host Treasure Islands, however we do like to play other games as well! Streamers are not defined by the category they stream in or the games they play &amp;lt;3";treasureisland;Island Castaways
11329;2021-04-12 20:40:39.361639 +0000 UTC;2021-04-13 16:32:43.288903 +0000 UTC;;swearin;Swearin
10747;2021-02-08 17:39:21.477028 +0000 UTC;2021-03-10 06:53:44.465515 +0000 UTC;"What brings you Joii?

The answer is different for everyone. For Team Joii, we strive to be a coalition of content creators from all walks of life for you to find Joii with no matter who is watching.

We are athletes and artists, chefs and cosplayers, singers and storytellers, designers, dreamers, &amp; charity streamers. We are LGBTQIA+, all-inclusive, and every color of the rainbow spectrum. We spread peace &amp; positivity wherever we can grow it, and we love to find Joii wherever we can know it.

What brings you Joii?
Find out @ [joii.gg](https://www.joii.gg/about-us.html) &amp; joiin us [in the Joii Discord server.](https://www.discord.gg/2vvEpdkbz3)";joii;Joii
9308;2020-09-02 18:36:52.627805 +0000 UTC;2021-01-13 04:57:57.239923 +0000 UTC;To join Team Purfect please DM on discord with your twitch.tv/ link and mention ‚ÄúTeam Purfect.‚Äù This will help us network in the community, and I will occasionally pick members from here to host!;purfect;Purfect
5492;2018-08-10 17:07:36.233065 +0000 UTC;2019-08-12 05:40:57.50386 +0000 UTC;"WE DEM SILLYBOIZ!!

Welcome to the LOUDEST ENTERTAINMENT CHANNEL ON THE PLANET!! Click on an AMAZING STREAMER and start your ROCKIN journey there :)

Grab your Orangina and Jump in the Discord : [[https://discord.gg/doodybeard)](https://discord.gg/doodybeard))";sillyboiz;WE DEM SILLYBOIZ OFFICIAL
8463;2020-05-26 08:38:53.614011 +0000 UTC;2021-03-14 20:06:34.641452 +0000 UTC;"## üíÄ WELCOME TO THE RAGE CLUB! üíÄ

* * *

### Application Status: CLOSED ‚ùå

* * *

### üìù About the Team

The first rule of Rage Club: you don‚Äôt have to rage to be in the club!

The Rage Club is a **diverse gathering** of both the saltiest of gamers and the most laid-back of players, **getting cosy** and **connecting** through gaming experiences on Twitch.

Here you‚Äôll find **comfy, positive vibes** combined with light-hearted banter and an abundance of fails and rage quit moments.¬† We play for fun, with **personality and engagement** at the forefront of our content. We know we‚Äôre not perfect - we fail, we rage, we mess up - but we do it together!  We **face challenges head-on**, with the community rallying behind each other even in the most rage-inducing times.

The team advocates for¬†**inclusion, diversity and a variety of skill levels, abilities and interests**. Gaming is for everyone - the aim is to provide a place for like-minded streamers to create, motivate and **collaborate together**.

* * *

### üî• Becoming a Member

Applications to join the team are **currently closed**. The best way to keep track of when applications open again is via **[Twitter](https://twitter.com/RageClubTwitch)**. Our application process includes completing a short Google form so we can get to know you and your content! For more information on what we look for in applicants, check **[here](https://drive.google.com/file/d/1V0dnpUw2kfXrbGtn4Ro3NEpYAMcJbdXL/view?usp=sharing)**.

* * *

### ‚ú® Socials

Follow us on **[Twitter](https://twitter.com/RageClubTwitch)** to keep updated on our amazing creators, fun events and application info!

* * *

### üí¨ Contact

The founder of the team is **[SariaSlays](https://www.twitch.tv/sariaslays)**, a Scottish part-time variety streamer. You can reach out with any queries via the team‚Äôs **[Twitter](https://twitter.com/RageClubTwitch)** DM, or via **rageclubtwitch@outlook.com**.

* * *

### üéâ Achievements

‚Ä¢ **Streamapalooza, 6-7th June 2020**

The Rage Club teamed up with other fellow streamers to raise a total of **¬£11,080** for **[Get Well Gamers UK](https://getwellgamers.org.uk/)**, a charity who donates video games and consoles to hospitals across the UK.

‚Ä¢ **Screamapalooza, 19th-25th October 2020**

The Rage Club teamed up with Screamer Streamers to raise funds for mental health charity, **[Safe In Our World](https://safeinourworld.org/)**, reaching a grand total of **¬£34,610.92**!";rageclub;Rage Club
6953;2019-06-18 11:59:53.975775 +0000 UTC;2021-05-03 08:49:57.394164 +0000 UTC;"CFS or better known as Community for streamers is a stream team that brings streamers together in one place to discuss everything live streaming related.

Join the discord ‚îÇ [TEAM DISCORD](https://discord.gg/6ZEMzWawSp) ‚îÇ Havn‚Äôt been invited yet? join the discord and ask for invite or message me while i‚Äôm live :)  ‚îÇ [MatthewVFE](https://www.twitch.tv/matthewvfe)   ‚îÇ

CFS Founders Twitch Channel ‚îÇ [TWITCH CHANNEL](https://www.twitch.tv/matthewvfe) ‚îÇ Go drop a follow ;) ‚îÇ [CLICK HERE](https://www.twitch.tv/matthewvfe) ‚îÇ

Community For Streamer‚Äôs goal is to give you the content creators is to develop friendships with fellow streamers/video makers in your community to grow together and make forever lasting relationships.

This community is also to keep you have to date with free resources to keep you and your own content safe from the copyright vulture industry.

There are no contracts in order to join our community all you need is the passion to become a content creator and adhere to our rules and platforms TOS.";excellent-era;CFS Network [Apply - Here]
6043;2018-12-11 19:58:29.850447 +0000 UTC;2019-01-06 23:04:29.974921 +0000 UTC;"A great source of high quality stream‚Äôs from the community!

(Bookmark this page for updates on more streamers!)";furriesontwitch;Furries on Twitch
6695;2019-04-16 17:20:58.599666 +0000 UTC;2019-04-17 07:51:35.033377 +0000 UTC;Formerly known as the Keyblade Army. For updates about the team check out [https://twitter.com/keystohearts](https://twitter.com/keystohearts)!;keystohearts;Keys to Hearts
8404;2020-05-18 08:48:47.203621 +0000 UTC;2021-04-29 14:49:09.875483 +0000 UTC;We are Voyage. Our members have interests and aspirations that stretch wider than the universe as we know it. From speedruns of games like Banjo-Kazooie, Mario Kart 64, Crash Bandicoot, Super Mario 64, Spyro, Diddy Kong Racing and The Legend of Zelda, to casual playthroughs of games like Resident Evil, Pokemon, Animal Crossing, Mario Party, Hades and Final Fantasy, you are sure to find exactly what you are looking for. If you stick around, you may even see some talent outside of video games. Every day we strive to be as positive, welcoming, and entertaining as we can possibly be. If you‚Äôre looking for fun, you have come to the right place, so climb aboard and voyage with us!;voyage;Voyage
8916;2020-07-15 20:40:26.687371 +0000 UTC;2021-04-18 17:44:30.577469 +0000 UTC;"![WEED](https://cdn.betterttv.net/emote/5f64098f9d79b403d93368d4/3x) ![WEED](https://cdn.betterttv.net/emote/5f64098f9d79b403d93368d4/3x) ![WEED](https://cdn.betterttv.net/emote/5f64098f9d79b403d93368d4/3x) ![WEED](https://cdn.betterttv.net/emote/5f64098f9d79b403d93368d4/3x) ![WEED](https://cdn.betterttv.net/emote/5f64098f9d79b403d93368d4/3x)

‚†Ä‚†Ä‚†Ä‚†Ä‚†Ä‚†Ä‚†Ä ‚†Ä‚†Ä ‚†Ä‚†Ä‚†Ä‚†Ä ‚†Ä‚†Ä‚†Ä‚†Ä ‚†Ä‚†Ä‚†Ä‚†Ä  **_GOOD AT EVERYTHING_**";gae;ü§§üìâ
10674;2021-01-30 21:44:20.986442 +0000 UTC;2021-02-01 07:07:45.742698 +0000 UTC;"Welcome to The Ultra Friends! We‚Äôre an inclusive community of friends that supports each other and provides a space that‚Äôs LGBTQIA+ friendly, advocates mental health, is accepting of everyone regardless of background, and are just cool people all around. You‚Äôll see a lot of familiar faces across our channels, if you enjoy one of our streams, you‚Äôll probably feel at home in the others‚Äô!
(The majority of us also have closed captions, yay accessibility!)

We‚Äôre a group of variety streamers, including music streams by ZachTunes and ASMR by WineHuman! You‚Äôll find single player playthroughs as well as multiplayer community nights throughout our channels!";theultrafriends;The Ultra Friends
2320;2015-08-20 14:49:05.20424 +0000 UTC;2021-01-05 08:36:12.039559 +0000 UTC;"**Biinny - Super Mario 64**

Twitter: @BiinnyTV

**abney317 - Mario Kart 64**

Twitter: @abney317

**Bounceyboy - Super Mario Sunshine**

Twitter: @Bounceyboyy

**Torje - Ocarina of Time**

Twitter: @Txrje

**Truman - Super Mario World**

Twitter: @BadSpeedruns

**Xem92 - Ratchet &amp; Clank**

Twitter: @Xemmypoo

**MrsGizamaluke - Diddy Kong Racing**

Twitter: @Mrsgizamaluke

**karljobst - GoldenEye 007**

Twitter: @karljobstgaming

**NicroVeda - Super Mario Odyssey**

Twitter: @NicroVeda

**TheMexicanRunner - Battletoads**

Twitter: @TheMexicanRunner";frameperfect;Frame Perfect ‚òÖ
2156;2015-06-12 01:31:55.098669 +0000 UTC;2015-06-21 19:03:31.271358 +0000 UTC;;rgb;RGB Club
11382;2021-04-16 16:29:50.304464 +0000 UTC;2021-05-14 05:10:08.184722 +0000 UTC;"Hola aventurero! bienvenido al Gremio Gamer donde podr√°s encontrar diferentes H√©roes Streamers de los cuales podr√°s disfrutar de su contenido!.

Eres streamer? te gustaria ingresas a este isekai! üëÄ

Link del discord: [https://discord.gg/Ef23XVK9A8](https://discord.gg/Ef23XVK9A8)";kingsandqueens;Gremio Gamer
10309;2020-12-17 20:38:42.540308 +0000 UTC;2021-04-25 18:40:32.267909 +0000 UTC;"A collective group of creators that are about Acceptance, family, LGTBQ+ support &amp; a love for Pok√©mon!

Follow our Twitter for Updates!
[https://twitter.com/Poke__Haven](https://twitter.com/Poke__Haven)

Discord Server: [https://discord.gg/rDkDGG5T43](https://discord.gg/rDkDGG5T43)

Leaders Poijz &amp; Lani

Poijz: [https://twitter.com/Poijz](https://twitter.com/Poijz)

Lani: [https://twitter.com/Lani__Irene](https://twitter.com/Lani__Irene)";pokehaven;Pok√©Haven
7999;2020-03-13 00:54:24.045185 +0000 UTC;2021-01-12 06:48:05.939526 +0000 UTC;Hyrule Gaming Group Affiliated!;hgga;HyruleGG Affiliated
9498;2020-09-29 01:05:38.349878 +0000 UTC;2020-09-29 05:40:26.53971 +0000 UTC;;unlucky;Team Unlucky
6103;2019-01-03 00:41:46.84814 +0000 UTC;2019-01-11 00:49:08.155961 +0000 UTC;"A team of streamers who theme their broadcasts around the adorable anthropomorphic characters they create!
Come join in on a stream, or check out some of their past broadcasts; we‚Äôd love to have you!
Stay Fuzzy!";furry;furry
4552;2017-10-20 17:03:20.166279 +0000 UTC;2017-10-20 23:41:15.994705 +0000 UTC;The Odyssey is a Twitch team centered around Super Mario Odyssey speedruns. The goal of the team is to create an environment where active Twitch speedrunners can help each other grow their channel. Expect friendly competition, strategy sharing, routing discussion and auto hosting.;odyssey;The Odyssey
8557;2020-06-03 18:04:24.888367 +0000 UTC;2021-02-16 02:31:15.964949 +0000 UTC;"Mazer Gaming is a professional esports and entertainment organization.

You can find Mazer Gaming on social media here:

[https://www.twitter.com/MazerHQ](https://www.twitter.com/MazerHQ)
[https://www.mazer.gg](https://www.mazer.gg)
[https://www.instagram.com/MazerGaming](https://www.instagram.com/MazerGaming)
[https://www.twitch.tv/MazerHQ](https://www.twitch.tv/MazerHQ)";mazergaming;Mazer Gaming
5345;2018-06-27 15:08:32.371516 +0000 UTC;2020-06-28 04:55:10.228506 +0000 UTC;"StreamGifts is a safe gifting service that allows you to send streamers gifts while keeping both streamer and gifter personal information private. Your Twitch username is shared only when you send a live alert!

To send a StreamGift, go to [stream.gifts](https://stream.gifts)/t/streamer. Pick a gift and go to checkout, where you can add an alert to your gift purchase by connecting your Twitch on the cart page before payment. Happy gifting!

Create an account at [stream.gifts](https://stream.gifts) and save your address to be eligible for our Early Access program.";streamgifts;StreamGifts
6299;2019-02-01 22:19:25.580302 +0000 UTC;2020-04-09 14:19:15.223331 +0000 UTC;"Welcome to the Elite Four!

This is your number one source for all things Pokemon on Twitch! From Shiny Hunting to Speedruns, Races, Nuzlockes, Podcasts and more, it‚Äôs a one-stop shop with some of the most passionate streamers on the platform! As a team, we aim to bring all Pokemon communities and directories together, advocating for love and positivity along the way. Come get to know our members, meet new friends, and help us create a home for all fans of Pokemon- new or old!

Team admission is currently invite-only. If you have any inquiries, send a DM to the team twitter @EliteFourTV";elitefour;Elite Four
6152;2019-01-08 14:55:24.602968 +0000 UTC;2020-03-09 21:16:06.867882 +0000 UTC;"**grav¬∑i¬∑ta¬∑tion | _noun_ | movement toward or attraction to something or someone**

Twitch is successful because the platform offers a viewer something or someone to connect with. Streams can showcase personalities, forge friendships, develop communities and maintain a reliable safe space everyday. Gravitation‚Äôs members strive to share that sense of magnetism with their viewers.

* * *

**Twitter** | [Gravitation](https://twitter.com/GravitationTV)

* * *

Interested in being on the Team? | [Applications Closed]";gravitation;Gravitation
8595;2020-06-09 12:42:18.19704 +0000 UTC;2020-10-05 22:16:05.397447 +0000 UTC;"We are a team of furries that will support community and charity events, a resource friendly environment, and a social media presence! We have a discord server for members and we are providing this environment for any type of conversation and/or questions members can have, besides many other advantages.

Our goal is to make our community be highlighted in a positive light, lift each-other up with many activities and bringing awareness to issues that need to be acted upon, one day at a time.";wildabandon;Wild Abandon
2443;2015-10-13 18:39:04.456877 +0000 UTC;2015-10-14 14:33:37.94473 +0000 UTC;"&#34;This is a RTA race of 4 3D Super Mario games, done in their 100% categories, for a total of 602 stars combined. (SMG1 is 120 because 100% is playing the same game as Mario then Luigi.) The 4 runs in order are:
&gt;Super Mario 64 - 120 Stars
&gt;Super Mario Galaxy - 120 Stars
&gt;Super Mario Sunshine - 120 Shines
&gt;Super Mario Galaxy 2 - 242 Stars&#34;";602;The 602 Race
4885;2018-02-23 11:29:23.58324 +0000 UTC;2018-11-14 23:23:31.138951 +0000 UTC;"## Welcome to the DownToQuest Stream Team or #DTQST for short.

### Here you will find an amazing group of passionate Questers. Questing is all about the community that comes from gaming. We are here to help grow that community and pave the way for a new generation of Streamers.

## If you see someone live and want to join the Quest please feel free to stop by and say hi.

# If you are interested in joining our Stream Team apply [here](http://questmo.de/dtqst)!";downtoquest;#DTQST
8918;2020-07-15 21:05:01.754005 +0000 UTC;2020-07-19 03:02:22.600416 +0000 UTC;Handjevol variety streamers die makkeren.;demakkers;De Makkers
9346;2020-09-08 21:45:18.250897 +0000 UTC;2020-09-10 20:19:31.550969 +0000 UTC;"Exclusive members of the Wake TV are part of XStarWake Patreon. Invitation only.
For information about joining Wake TV stream team, please message XStarWake";waketv;Wake TV
7220;2019-08-21 22:27:57.044858 +0000 UTC;2019-08-22 07:42:45.821597 +0000 UTC;Group of streamers/players who support Electronic Dojo.;teamdojo;Team Dojo
6250;2019-01-23 14:21:56.502079 +0000 UTC;2020-06-21 02:14:47.393658 +0000 UTC;"**Welcome to the Family Friendly Live team!** This is your destination for the most accessible, family-friendly content on Twitch. While exact definitions of ‚Äúfamily-friendly‚Äù vary per stream, in general streamers here avoid using profanity both on-stream and in chats, avoid engaging in vulgar or explicit discussions, all while promoting general positivity and good vibes. In general, streamers act in a way that would be appropriate for all ages, regardless of what content is being streamed. Allowing games with ratings up to M (as defined by the ESRB) is at the streamers‚Äô discretion. Visit anyone on our team who‚Äôs live now, or check out our [team video](https://www.youtube.com/watch?v=MKMIowRENXA) to get a sense of what we‚Äôre like!

Every family dynamic / workplace dynamic is different. When it comes to media/video game content, some audiences may find material objectionable, while others find it OK. If you do not feel comfortable or are unfamiliar with the game being streamed, try another Family Friendly Live streamer, or kindly leave the stream. **It should also be noted that these guidelines and restrictions do not extend to channels raided or hosted by the Family Friendly Live streamer.**

The members of this team are hand-picked. We are highly selective about who we include. However, if you‚Äôd like to apply, [Apply Now](http://familyfriendly.live/submit).";familyfriendly;Family Friendly Live
3685;2017-02-02 18:11:17.206543 +0000 UTC;2019-01-25 09:17:17.977557 +0000 UTC;"The **Seattle Online Broadcasters Association** is dedicated to providing the Seattle area online broadcasting community with a resource for collaboration, education, and mutual support.

Our premiere event is the Seattle Community Meetup (Powered by Twitch!), which meets regularly on the 2nd Saturday of every month at Gameworks in Seattle. Visit our [**Meetup page**](https://www.meetup.com/SeattleOBA/) for more details.

Want to join the SOBA Twitch team? Just join us on [**Discord**](https://discord.gg/seattleoba), and a drop a message requesting to join.";soba;Seattle Online Broadcasters Association
515;2012-12-30 06:23:58.164325 +0000 UTC;2018-10-18 17:30:23.041709 +0000 UTC;Beyond the Summit brings global coverage of E-sports events. We look to bring professional quality and high entertainment to viewers and fans worldwide.;bts;BeyondTheSummit
6006;2018-12-05 13:29:38.212817 +0000 UTC;2019-12-14 16:23:57.639745 +0000 UTC;"Take a look at our [Linktree](https://linktr.ee/smallstreamercommunity)!

Join our [Discord](https://discord.gg/SSC) server to apply for our Twitch team! Everyone gets accepted!

Our goal is to make your stream ready for you to become a good streamer. We provide tech help, so your stream can look professional. We have GFX artists, so your stream can look cool too. And we‚Äôre a place for you to network and get some more friends without the uses of F4F, L4L, H4H or other methods that provide empty growth.";smallstreamercommunity;SmallStreamerCommunity
6585;2019-04-01 11:00:28.594778 +0000 UTC;2021-04-29 14:45:14.36432 +0000 UTC;"![Norway](https://i.imgur.com/VWepTAc.png)

**Nemesis is a growing Online Entertainment, Esports and Live Streaming Organization dedicated to top-tier content and gameplay. Our goal is to become an innovative world class organization and household name in online entertainment ranging from content creation to world championships. Est. 2017**

This is our Nemesis Community, if you are interested in joining, please put an application in.
We accept most applications as long as you are an active streamer looking to support &amp; join the Nemesis family!

Showing support and being active with the community on Twitch, Twitter &amp; Discord is the key to being recognized for advancement to the next tier within Nemesis.

Disclaimer: To stay on Nemesis Community after acceptance, you have to keep Nemesis Community as your main team and interact with our community semi regularly. Failure to follow through with this one stipulation could result in removal from the Twitch team. We would also love if you repped our logo in your stream panel.

[Apply Here](http://bit.ly/NemApplication)

[Nemesis Stream Team](https://www.twitch.tv/team/nemesisgg)

[Nemesis Pro Stream Team](http://twitch.tv/team/nemesis)

[Website](http://nemesis.gg)

[Discord](https://discord.gg/nemesis)

[Twitter](http://twitter.com/nemesisgg)

[Instagram](http://instagram.com/nemesis.esports)

[YouTube](https://www.youtube.com/NemesisEsports)

[Team Channel](https://www.twitch.tv/NemesisGG)

[Store](https://www.nemesis.gg/collections/all)

![Norway](https://i.imgur.com/AnTtu6q.png)";nemesiscommunity;Nemesis Community
5583;2018-09-10 12:17:51.812971 +0000 UTC;2019-09-30 23:13:16.599406 +0000 UTC;"![Norway](https://i.imgur.com/eygWd9K.jpg)

**Nemesis is our flagship Stream Team on Twitch.**

Our application is the first step to joining Nemesis!

We pride ourselves on our amazing support system &amp; we want you to be a part of it. We would love for you to apply to join our Nemesis team if you feel you meet the requirements. If you are a Twitch Partner please apply and contact Instill directly. If you are a Nemesis community member who does not meet the Nemesis Team requirements, join our open enrollment Nemesis Community.

Our goal for this team is to help groom streamers content, quality &amp; direction while streaming alongside some of the most supportive broadcasters on the platform. We hope to mentor &amp; coach our Nemesis members to eventually get them to the point where they meet the Twitch requirements where they can apply for Twitch Partner.

[Apply Here](https://docs.google.com/document/d/1n2jEBg0o73E1nAu-x9Gp9kXSKy3lFFsrpbiq9X3kiZw)

[Website](http://nemesis.gg)

[Discord](https://discord.gg/nemesis)

[Twitter](http://twitter.com/nemesisgg)

[YouTube](https://www.youtube.com/NemesisEsports)

[Team Channel](https://www.twitch.tv/NemesisGG)

[Instagram](https://www.instagram.com/nemesis.esports/)

[Store](https://www.nemesis.gg/collections/all)

[Nemesis Pro Stream Team](http://twitch.tv/team/nemesis) Invite Only*

[Nemesis Community](https://www.twitch.tv/team/nemesiscommunity/) Open Enrollment*

![Norway](https://i.imgur.com/UoCB0Wt.png)";nemesisgg;Nemesis
10370;2020-12-28 07:26:01.321395 +0000 UTC;2021-01-17 16:47:56.462356 +0000 UTC;The Breakfast Hub is a streaming community dedicated to positive vibes, making people laugh till their sides hurt. We take pride in being genuine and wholesome, we‚Äôre here for both your high days as well as your low days.. we aim to make you feel right at home~ all are welcome here and enjoy your stay!;thebreakfasthub;The Breakfast Hub
11490;2021-04-27 09:32:09.512868 +0000 UTC;2021-05-02 13:27:40.091183 +0000 UTC;"Catch the streaming personalities of Ignister Esports! Home of weekly Smash Ultimate tournaments, solo streams, collabs and more.

twitter.com/IgnisterEsports";ignister;Ignister Esports
98;2011-12-05 20:29:49.468965 +0000 UTC;2013-06-21 17:38:05.727491 +0000 UTC;"FGC Pro-players, 24/7 streams, and events.

Team is administered by [ARMSHOUSE](http://www.twitch.tv/armshouse) / [@jamesbardolph](http://www.twitter.com/jamesbardolph).";fgcpros;Fighting Game Community Streams
1101;2014-04-09 20:53:53.975286 +0000 UTC;2017-08-08 20:44:11.866475 +0000 UTC;;vgbootcamp;VGBootCamp
178;2012-02-06 23:51:26.12848 +0000 UTC;2013-11-23 19:39:00.510285 +0000 UTC;"This is the legendary home for Smash Bros streamers the world over. Follow this page and its ever-growing list of great smash livestreamers to support the intense and competitive fighting game that defined a generation.

![some_text](http://i45.photobucket.com/albums/f52/Skeet1002/twitchbusinesscard.png)";smashbros;Team Smashbros: The Home of Smash Bros Livestreaming
973;2014-02-06 02:53:28.847197 +0000 UTC;2021-02-25 18:31:52.855321 +0000 UTC;"**Don‚Äôt forget to subscribe and follow!**

[YouTube](https://www.youtube.com/kingstonhyperx)

[Twitter](https://twitter.com/HyperX)

[Facebook](https://www.facebook.com/hyperxcommunity)

[WE‚ÄôRE ALL GAMERS](https://www.hyperxgaming.com/us/experience/we-are-all-gamers)";hyperx;HyperX | WE'RE ALL GAMERS
11150;2021-03-25 09:17:07.271818 +0000 UTC;2021-05-07 18:13:43.865032 +0000 UTC;We watch anime and stream. We. are. the. Onlychans.;weebs;OnlyChans
5532;2018-08-23 11:15:25.907288 +0000 UTC;2021-04-01 23:39:47.170508 +0000 UTC;"Welcome to the tatmanarmy twitch team, The community of [TimTheTatMan](http://twitch.tv/timthetatman).

How to apply: [https://twitter.com/Wipz/status/1279120733780824071](https://twitter.com/Wipz/status/1279120733780824071)";tatmanarmy;tatmanarmy
10261;2020-12-10 13:32:32.244417 +0000 UTC;2020-12-11 14:41:52.307029 +0000 UTC;"#Supportmystreamer, idea di Denny Arteca, in arte Il Pippega, nasce con l‚Äôobiettivo di creare una community di streamer che, grazie alla collaborazione, la condivisione e al supporto reciproco, possano essere conosciuti e riconosciuti per il reale valore all‚Äôinterno del mondo di Twitch e, pi√π in larga scala, in tutto il settore dei content creator.
Grazie agli studi fatti da Pippo e da Marco Ronco, suo braccio destro, si √® scoperto come la mancanza di collaborazione e supporto tra i content non solo limitasse la crescita, ma impediva la buona riuscita del contenuto, poich√© uno streamer senza spettatori, √® uno streamer infelice.

#supportmystreamer √® un vero e proprio network, con l‚Äôobiettivo di aiutare tutti i propri ‚Äúguerrieri‚Äù nella ‚Äúbattaglia‚Äù contro il ‚Äúmale‚Äù, ovvero la paura di non venire valorizzati per il contenuto portato in ‚Äúlive‚Äù, ma non solo. Il Network mette a disposizione professionisti del settore, grafici, video editor, consulenti strategici ed esperti del mondo web, che agevoleranno il lavoro degli streamer, rendendo cos√¨ il tutto pi√π facile e accessibile!

Che tu sia uno streamer, un supporter oppure un fagiano, poco importa.. l‚Äôimportante √® aiutare gli altri per aiutare s√© stessi!

Sito: [https://supportmystreamer.com/](https://supportmystreamer.com/)
Instagram: [https://www.instagram.com/supportmystreamer/](https://www.instagram.com/supportmystreamer/)";supportmystreamer;SupportMyStreamer
4371;2017-08-16 17:14:38.619988 +0000 UTC;2021-02-04 04:56:35.653128 +0000 UTC;"Professional Esports Organizations
Follow us on Twitter: [http://twitter.com/SpacestationGG](http://twitter.com/SpacestationGG)";spacestationgg;Spacestation Gaming
4581;2017-11-02 12:58:40.26662 +0000 UTC;2020-11-18 16:45:15.72032 +0000 UTC;"#### [Apply for the Stream Team](https://docs.google.com/forms/d/e/1FAIpQLSdmmtMEUFdsyyWE1JT5EgEAWJYL-sJDStkwSrEfcHawdshCsQ/viewform?usp=sf_link)

[Join our Community Team!](https://gather.operaevent.co/team_enroll?team_id=5c0830df7cb2f571e1b8b5f6)
Armada is a Global Esports Organization founded in August 2017 based out of Colorado that competes in Smash Ultimate and SMITE.

#### Stay Connected - [Website](https://armada.gg/) | [Twitter](https://twitter.com/ArmadaGG) | [Discord](https://discordapp.com/invite/yfAd68c) | [YouTube](https://www.youtube.com/armadagg) | [Instagram](https://www.instagram.com/armada.gg/) | [Facebook](https://www.facebook.com/ArmadaGG/)

[![image](https://cdn.discordapp.com/attachments/535291331636101137/638114102631465010/unknown.png)](http://armada.gg/store)
[![image](https://imgur.com/6R0aCDd.png)](http://viper.patriotmemory.com/armada)";armada;Armada
6269;2019-01-28 12:04:18.552158 +0000 UTC;2020-12-08 20:23:07.679702 +0000 UTC;;globalbreakout;Global Breakout
214;2012-03-11 01:58:22.848486 +0000 UTC;2021-03-26 17:15:03.489671 +0000 UTC;"[![image](https://media.discordapp.net/attachments/758750327444471859/798413742572437564/envy-apparel-ad.jpg?width=898&amp;height=269)](https://shop.envy.gg//)";teamenvyus;Team Envy
996;2014-02-22 00:35:31.475258 +0000 UTC;2018-01-09 08:03:21.123702 +0000 UTC;Smash Studios is dedicated to streaming fighting games (including Smash Bros.), speed runs, Overwatch, Pubg, League of Legends, and many other games. Make sure to follow all of our channels!;smashstudios;Smash Studios
1480;2014-09-12 02:24:02.790973 +0000 UTC;2015-02-18 06:18:07.832299 +0000 UTC;Founded in 2013, Cognitive Gaming is an eSports organization dedicated to fostering professional integrity, sportsmanship, and competitive growth.;cognitivegaming;COGnitive Gaming
9295;2020-08-31 22:47:13.509523 +0000 UTC;2021-04-12 01:21:15.275844 +0000 UTC;"# IQ

## Visit [InfiniteQuality.live](https://InfiniteQuality.live) to apply.

### What is Infinite Quality?

IQ is a unique resource center for Twitch Affiliates. Streaming is hard work and there is no magic bullet for success.

As a community, we all do our part in raising the streaming standard and pushing the envelope in an increasingly competitive landscape through cooperation.

Our community has a focus on discussions around streaming issues and technical concerns.  Improve your streamer content and production quality, through good production practices and technical understanding.  Everyone has different kinds of experiences to share and there is an overwhelming amount to learn as a creator.

IQ has committed artists providing motion graphics, alerts, design advice and feedback.  We have experts in OBS, Web, Audio, and Video production.  Our robust members website exists to share our content, experience, and advice.

IQ streamers are responsible, respectful, purposeful, flexible, and teachable.

Infinite Quality (IQ) is a group of like minded streamers who created a resource center for Twitch.tv Affiliates who are serious about the growth of their streams.

### What type of resources are available to an IQ member?

We have a robust members website with informative posts created by members.  A members list to help you find other members to network with.  And finally free streamer upgrades where you can download animated and static graphics to upgrade your stream quality.

### What resources are free and what are paid?

IQ is completely free. The free content will be both abundant and quality.  All current resources are free and supported by the community.  Our community supporters help keep our website running and as our support grows we will add more features to the community and website.  To learn more about supporting us please visit: [https://infinitequality.live/support/](https://infinitequality.live/support/)

### Is joining the Team required?

IQ has an optional twitch team, but IQ as a community is not a team. Joining the IQ team just allows us to give you added benefits through our website, but joining the IQ team is 100% optional.

You might find our logo in streamers panels, this is a free way to support the community and invite new members.  As IQ grows so does it‚Äôs overall value to every member.  You are free to join any teams and work with any streamers you would like.  Our community goals include helping streamers get creative and offering them visual tools to do so.

### Who is IQ and what makes their content unique and effective?

We have graphic artists with 20 years of experience, animators, men and women with degrees in business growth and finance, frontmen from bands who understand presentation and performance, as well as community leaders who are constantly studying content creation and the streaming industry.

We offer free unique motion graphics and OBS tricks and advice are rarely executed well on twitch.

Twitch is not about games. It‚Äôs a business about people. The leadership at IQ have a fresh view that has proven to positively impact streams and community engagement in ways that work. As you get to know the community, we are confident you will be impressed with the application of our members knowledge, skills, and humility.

### How can I know these resources are effective?

Since the inception of IQ we have had a huge percentage of members grow their channel and improve their quality.¬† We have helped streamers grow their channels, network with others, and reach their goals on twitch.¬† They can tell you themselves how much IQ has impacted their stream! Feel free to ask any member of IQ how they feel about the community and the impact IQ has had on their stream.¬† Still not convinced?¬† Look up our team stats on sullygnome, see how we as a group have improved since Nov 2018.¬†

Visit [InfiniteQuality.live](https://InfiniteQuality.live) to apply.";infinitequality;Infinite Quality
6438;2019-02-25 16:44:54.976666 +0000 UTC;2020-06-30 03:25:20.242401 +0000 UTC;Global Esports Organisation | R6S, Apex Legends, Fortnite, PUBG, SSBU, Overwatch | üì© info@furyaustralia.com;furyaustralia;FURY
11122;2021-03-22 12:12:20.126785 +0000 UTC;2021-03-22 14:34:09.645025 +0000 UTC;Breaking boundaries of conventional gameplay with captivating and enthralling adaptive methods of play;unconventionaloverkill;Unconventional Overkill
4764;2018-01-16 15:33:21.411521 +0000 UTC;2020-10-18 16:24:01.242751 +0000 UTC;"Working together with the kindest hearts to bring charity and fun entertainment to all.

Discord: [https://discord.gg/JbEGkfj](https://discord.gg/JbEGkfj)";thestew;The Stew
6165;2019-01-10 00:25:24.594987 +0000 UTC;2020-07-06 17:12:51.452185 +0000 UTC;;wgd;Worlds Greatest Dads
9629;2020-10-14 11:58:46.407184 +0000 UTC;2021-01-14 13:31:55.711744 +0000 UTC;"HyperFocus is a stream team revolving around ADHD and other neurodiversities.
We welcome all members, for a means of spreading awareness and offering a support group for those with/who know someone with ADHD.

If you‚Äôd like to get in contact with us, or simply join the community, we have our own discord:
[https://discord.gg/YHPVyD5](https://discord.gg/YHPVyD5)";hyperfocus;HyperFocus
7699;2020-01-08 18:33:07.209612 +0000 UTC;2020-01-09 02:14:38.986692 +0000 UTC;;generozity;GenerOZity
5835;2018-11-05 04:47:10.894004 +0000 UTC;2021-04-14 13:27:32.290331 +0000 UTC;"Team Oceania (or Team OCE for short) is a professional streaming organisation for the Oceanic territories, featuring a dedicated stream team and an active Discord community. Join the community and connect with amazing content creators from Australia and New Zealand!

[Twitter](http://twitter.com/team_oce) | [Discord](https://discord.gg/hCcSzYq)";teamoce;Team Oceania
6413;2019-02-20 12:03:20.800394 +0000 UTC;2019-07-22 03:45:30.407927 +0000 UTC;"Welcome to UniteTV, we are more than a stream team, we are an established loving community of friends and family, run by you guys!

UniteTV was created for the soul purpose of giving back to you all and to provide you a place where you can make friends, grow your channel with like minded streamers and most importantly, belong.

Come check out and hang in the Discord [here](https://discord.gg/zDxp8rA)

You can find applications (currently closed) in the Discord, it still doesn‚Äôt hurt to apply!

Thank you guys so much for creating an incredible community, it means the world to me.

Love NatoPotato.";unitetv;UniteTV
5545;2018-08-30 14:56:39.182054 +0000 UTC;2020-03-13 05:52:00.981058 +0000 UTC;"[**TWITTER**](https://twitter.com/womanz_gg) | [**FACEBOOK**](https://www.facebook.com/womanz.gg) | [**INSTAGRAM**](https://instagram.com/womanz_gg)

[**JOIN THE TEAM**](https://womanz.com.au)

**INFO**

WomANZ is an initiative designed to create professional connections, events and opportunities for women in the content creation and esports industry across Australia and New Zealand.

We aim to help women connect with one another to share knowledge and resources to help build a positive community of confident women that help contribute to diversifying the games industry.";womanz;WomANZ
9064;2020-07-31 16:20:15.162876 +0000 UTC;2021-01-20 04:45:19.949401 +0000 UTC;"üöÄ You‚Äôve arrived at the Andromeda Arcade! üöÄ

Here you‚Äôll find a variety of streamers that contain wholesome and out of this world vibes.

If you need a place to be yourself, been looking to make new friends, or just need some place to forget about planet Earth for a while, feel free to stop by any of our team members channels!

Safe travels! üåô

üëΩ Float around our Twitter galaxy: twitter.com/andromedaarcade";andromedaarcade;Andromeda Arcade ü™ê
11614;2021-05-08 08:16:19.969449 +0000 UTC;2021-05-08 22:52:18.466194 +0000 UTC;"Welcome to the Baja Enthusiasts Stream Team!
Our focus here is to create a fun, meaningful, and positive experience for everyone!
We are community focused and believe that the bonds we make through streaming are paramount.
We are a family but by no means are we super family friendly so expect some crude language and occasional innuendos! Enjoy your stay in our humble abodes!";bajaenthusiasts;Baja Enthusiasts
5691;2018-10-04 15:18:12.885573 +0000 UTC;2021-04-25 16:40:41.23033 +0000 UTC;"Welcome to the most supportive Team on Twitch!

Team B42 is a community of passionate individuals who are willing to help one another grow as streamers.

On our team, we understand that we are only as strong as our members. We have become one of the fastest growing communities on Twitch because our members are passionate, dedicated and positive. We do not offer a free ticket here. Instead, we offer opportunities for growth and success.

Our leadership team understands the fundamentals of a successful streamer and we are more than excited to guide you to success, and ensure every member is having fun on their journey. We are more than a team, we are family. Communication, friendship and consistency are some of the most powerful tools for growing your stream.

We understand that and will continue to innovate with new ways to interact with fellow team members. Alone we are strong. Together we are stronger.

**Team B42 member perks**

**Discord:** Over 7000 members to network and grow together

**Facebook:** Group of over 2000 streamers to help advertise and grow your brand

**Twitter:** Follow and use #teamb42 for an automatic retweet

**Discord Raids:** Four times a day. Check discord for details

**Much More!** For more info, check our website: [https://www.teamb42.com/](https://www.teamb42.com/)

**Requirements for entry:**

-Join our discord family here: [[https://discord.com/invite/teamb42)](https://discord.com/invite/teamb42))

-Direct Message Benda42 on discord or Twitch for an invite!";teamb42;Team B42
6206;2019-01-16 15:42:53.505224 +0000 UTC;2019-02-18 22:43:41.61183 +0000 UTC;"Positive communities. You will be greeted with a warm welcome from any of these streamers.

We aim to keep this group small and focused. We aren‚Äôt trying to bolster our numbers for the sake of having a big community. Which is why we have the following requirements.

Requirements to join the team:

-Be a positive community member

-Support other Pixel Heart members

-Stream at least 3 times a week or 15+ hours a week.

Apply: robertlovesgames@gmail.com

Please include your Twitch link, and why you think you would be a great addition to our team.

[Discord](https://discord.gg/bYaG76e)

[Twitter](https://twitter.com/ThePixelHearts)";pixelhearts;Pixel Hearts
6498;2019-03-14 12:47:02.139934 +0000 UTC;2020-08-24 13:43:57.317481 +0000 UTC;"[![Discord](https://i.imgur.com/tnTkQuq.png)](https://discord.gg/streamforge) [![Twitter](https://i.imgur.com/5oadlCG.png)](https://twitter.com/streamforgeGG) [![Youtube](https://i.imgur.com/PoFmHdk.png)](https://youtube.com/streamforge) [![Instagram](https://i.imgur.com/jOxD2a4.png)](https://instagram.com/streamforgeGG) [![Twitch](https://i.imgur.com/6HoqEim.png)](https://twitch.tv/streamforgeGG)

[![Join](https://i.imgur.com/fnnLx0F.png)](https://streamforge.gg)

[![Game Keys](https://i.imgur.com/9kdqXxe.png)](https://streamforge.gg)

[![Community](https://i.imgur.com/GHThT43.png)](https://streamforge.gg)

[![Quests](https://i.imgur.com/KUhRQMJ.png)](https://streamforge.gg)";royalecommunity;Streamforge üöÄ
